{
  "CZ010": {
    "ADM0": "CZE",
    "ADM1": "Praha",
    "ADM2": "Hlavn\u00ed m\u011bsto Praha",
    "landuse": {
      "Landuse_Sum": {
        "val": {
          "Residential": 740.6910969615,
          "Agricultural": 343.1396132708,
          "Commercial": 506.1097528338,
          "Factory": 97.8165503144,
          "Mining": 105.0977865458,
          "Power station": 14.372173667,
          "Transportation": 320.8635476232,
          "Sports": 372.8378822803,
          "Religious": 124.539332509,
          "Water": 60.5301477909,
          "Others": 485.6998614669
        },
        "desc": "Sum of landuse ratio",
        "type": "default",
        "weight": null
      },
      "Landuse_Average": {
        "val": {
          "Residential": 0.229671658,
          "Agricultural": 0.1063998801,
          "Commercial": 0.1569332567,
          "Factory": 0.0303307133,
          "Mining": 0.0325884609,
          "Power station": 0.004456488,
          "Transportation": 0.0994925729,
          "Sports": 0.1156086457,
          "Religious": 0.0386168473,
          "Water": 0.0187690381,
          "Others": 0.1506046082
        },
        "desc": "Average landuse ratio",
        "type": "ratio",
        "weight": 496.3300809117
      }
    }
  },
  "CZ020": {
    "ADM0": "CZE",
    "ADM1": "St\u0159edn\u00ed \u010cechy",
    "ADM2": "St\u0159edo\u010desk\u00fd kraj",
    "landuse": {
      "Landuse_Sum": {
        "val": {
          "Residential": 7672.5141404271,
          "Agricultural": 18813.9172528982,
          "Commercial": 457.9704921842,
          "Factory": 508.1979762316,
          "Mining": 1696.8757458329,
          "Power station": 368.5616860986,
          "Transportation": 2092.7674273252,
          "Sports": 5548.577409327,
          "Religious": 1698.9041446447,
          "Water": 2333.4172620177,
          "Others": 27964.8104349375
        },
        "desc": "Sum of landuse ratio",
        "type": "default",
        "weight": null
      },
      "Landuse_Average": {
        "val": {
          "Residential": 0.1085620474,
          "Agricultural": 0.2662070528,
          "Commercial": 0.0064800421,
          "Factory": 0.0071907346,
          "Mining": 0.024009901,
          "Power station": 0.0052149544,
          "Transportation": 0.0296115605,
          "Sports": 0.0785094576,
          "Religious": 0.0240386018,
          "Water": 0.0330166293,
          "Others": 0.3956873877
        },
        "desc": "Average landuse ratio",
        "type": "ratio",
        "weight": 10930.3181797253
      }
    }
  },
  "CZ080": {
    "ADM0": "CZE",
    "ADM1": "Moravskoslezsko",
    "ADM2": "Moravskoslezsk\u00fd kraj",
    "landuse": {
      "Landuse_Sum": {
        "val": {
          "Residential": 4464.0148251057,
          "Agricultural": 6116.4476481676,
          "Commercial": 297.9540444016,
          "Factory": 307.0236701965,
          "Mining": 764.5349389911,
          "Power station": 176.8774708509,
          "Transportation": 1158.8413218856,
          "Sports": 3333.730271697,
          "Religious": 753.9123538733,
          "Water": 1028.4980323315,
          "Others": 15775.4296116829
        },
        "desc": "Sum of landuse ratio",
        "type": "default",
        "weight": null
      },
      "Landuse_Average": {
        "val": {
          "Residential": 0.1280848969,
          "Agricultural": 0.1754977519,
          "Commercial": 0.0085491233,
          "Factory": 0.0088093559,
          "Mining": 0.0219366159,
          "Power station": 0.0050751025,
          "Transportation": 0.0332503535,
          "Sports": 0.0956539157,
          "Religious": 0.0216318247,
          "Water": 0.0295104451,
          "Others": 0.4526405834
        },
        "desc": "Average landuse ratio",
        "type": "ratio",
        "weight": 5430.7371195479
      }
    }
  },
  "CZ031": {
    "ADM0": "CZE",
    "ADM1": "Jihoz\u00e1pad",
    "ADM2": "Jiho\u010desk\u00fd kraj",
    "landuse": {
      "Landuse_Sum": {
        "val": {
          "Residential": 3857.677947104,
          "Agricultural": 11464.420173943,
          "Commercial": 211.5855889916,
          "Factory": 252.4475970268,
          "Mining": 1403.1756581664,
          "Power station": 263.802929163,
          "Transportation": 1246.2952253819,
          "Sports": 6009.4300279021,
          "Religious": 1593.7008897662,
          "Water": 4034.3194274902,
          "Others": 30706.166762948
        },
        "desc": "Sum of landuse ratio",
        "type": "default",
        "weight": null
      },
      "Landuse_Average": {
        "val": {
          "Residential": 0.0615426503,
          "Agricultural": 0.1828952056,
          "Commercial": 0.003375486,
          "Factory": 0.0040273694,
          "Mining": 0.0223852665,
          "Power station": 0.0042085243,
          "Transportation": 0.0198825076,
          "Sports": 0.0958701726,
          "Religious": 0.0254247705,
          "Water": 0.0643606628,
          "Others": 0.4898643454
        },
        "desc": "Average landuse ratio",
        "type": "ratio",
        "weight": 10058.6926180673
      }
    }
  },
  "CZ032": {
    "ADM0": "CZE",
    "ADM1": "Jihoz\u00e1pad",
    "ADM2": "Plze\u0148sk\u00fd kraj",
    "landuse": {
      "Landuse_Sum": {
        "val": {
          "Residential": 3173.2652829289,
          "Agricultural": 8152.2078245878,
          "Commercial": 213.7476502657,
          "Factory": 268.8718789816,
          "Mining": 1025.3547908664,
          "Power station": 231.7114770412,
          "Transportation": 1134.6463546157,
          "Sports": 3880.2232117653,
          "Religious": 1273.5759947896,
          "Water": 1355.3611031175,
          "Others": 26698.8161539435
        },
        "desc": "Sum of landuse ratio",
        "type": "default",
        "weight": null
      },
      "Landuse_Average": {
        "val": {
          "Residential": 0.0652425117,
          "Agricultural": 0.1676098488,
          "Commercial": 0.0043946636,
          "Factory": 0.0055280209,
          "Mining": 0.0210813518,
          "Power station": 0.0047640009,
          "Transportation": 0.0233283925,
          "Sports": 0.0797776062,
          "Religious": 0.0261847937,
          "Water": 0.0278663001,
          "Others": 0.5489291532
        },
        "desc": "Average landuse ratio",
        "type": "ratio",
        "weight": 7649.6406243085
      }
    }
  },
  "CZ041": {
    "ADM0": "CZE",
    "ADM1": "Severoz\u00e1pad",
    "ADM2": "Karlovarsk\u00fd kraj",
    "landuse": {
      "Landuse_Sum": {
        "val": {
          "Residential": 1051.890884161,
          "Agricultural": 1675.1871393323,
          "Commercial": 95.9255040884,
          "Factory": 85.2842763066,
          "Mining": 681.9705216289,
          "Power station": 107.0963771343,
          "Transportation": 584.9130531549,
          "Sports": 1741.5126809478,
          "Religious": 587.9486317039,
          "Water": 859.310747385,
          "Others": 13553.3396164179
        },
        "desc": "Sum of landuse ratio",
        "type": "default",
        "weight": null
      },
      "Landuse_Average": {
        "val": {
          "Residential": 0.0487618619,
          "Agricultural": 0.0776556249,
          "Commercial": 0.0044467599,
          "Factory": 0.003953471,
          "Mining": 0.03161369,
          "Power station": 0.0049646012,
          "Transportation": 0.0271144564,
          "Sports": 0.0807302374,
          "Religious": 0.0272551748,
          "Water": 0.0398345423,
          "Others": 0.6282838687
        },
        "desc": "Average landuse ratio",
        "type": "ratio",
        "weight": 3311.5811677549
      }
    }
  },
  "CZ042": {
    "ADM0": "CZE",
    "ADM1": "Severoz\u00e1pad",
    "ADM2": "\u00dasteck\u00fd kraj",
    "landuse": {
      "Landuse_Sum": {
        "val": {
          "Residential": 2651.8948864341,
          "Agricultural": 6681.1181122661,
          "Commercial": 320.3768157363,